name,url,method,style,perspective,colorformat,scriptformat,topic
Dimensions Math PK,https://www.singaporemath.com/programs/dimensions-pk-5/,mastery,conceptual,secular,color,scripted,math
Dimensions Math K,https://www.singaporemath.com/programs/dimensions-pk-5/,mastery,conceptual,secular,color,scripted,math
Dimensions Math 1,https://www.singaporemath.com/programs/dimensions-pk-5/,mastery,conceptual,secular,color,scripted,math
Dimensions Math 2,https://www.singaporemath.com/programs/dimensions-pk-5/,mastery,conceptual,secular,color,scripted,math
Dimensions Math 3,https://www.singaporemath.com/programs/dimensions-pk-5/,mastery,conceptual,secular,color,scripted,math
Dimensions Math 4,https://www.singaporemath.com/programs/dimensions-pk-5/,mastery,conceptual,secular,color,scripted,math
Dimensions Math 5,https://www.singaporemath.com/programs/dimensions-pk-5/,mastery,conceptual,secular,color,scripted,math
Dimensions Math 6,https://www.singaporemath.com/programs/dimensions-6-8/,mastery,conceptual,secular,color,scripted,math
Dimensions Math 7,https://www.singaporemath.com/programs/dimensions-6-8/,mastery,conceptual,secular,color,scripted,math
Dimensions Math 8,https://www.singaporemath.com/programs/dimensions-6-8/,mastery,conceptual,secular,color,scripted,math
Saxon K,https://www.hmhco.com/programs/saxon-math,spiral,procedural,secular,black/white,scripted,math
Saxon 1,https://www.hmhco.com/programs/saxon-math,spiral,procedural,secular,black/white,scripted,math
Saxon 2,https://www.hmhco.com/programs/saxon-math,spiral,procedural,secular,black/white,scripted,math
Saxon 3,https://www.hmhco.com/programs/saxon-math,spiral,procedural,secular,black/white,scripted,math
Saxon 4,https://www.hmhco.com/programs/saxon-math,spiral,procedural,secular,black/white,non-scripted,math
Saxon 5,https://www.hmhco.com/programs/saxon-math,spiral,procedural,secular,black/white,non-scripted,math
Saxon 6,https://www.hmhco.com/programs/saxon-math,spiral,procedural,secular,black/white,non-scripted,math
Saxon 7,https://www.hmhco.com/programs/saxon-math,spiral,procedural,secular,black/white,non-scripted,math
Saxon 8,https://www.hmhco.com/programs/saxon-math,spiral,procedural,secular,black/white,non-scripted,math
Saxon 9,https://www.hmhco.com/programs/saxon-math,spiral,procedural,secular,black/white,non-scripted,math
Saxon 10,https://www.hmhco.com/programs/saxon-math,spiral,procedural,secular,black/white,non-scripted,math
Saxon 11,https://www.hmhco.com/programs/saxon-math,spiral,procedural,secular,black/white,non-scripted,math
Saxon 12,https://www.hmhco.com/programs/saxon-math,spiral,procedural,secular,black/white,non-scripted,math
Bob Jones K,https://www.bjupresshomeschool.com/category/math,spiral,conceptual,nonsecular,color,scripted,math
Bob Jones 1,https://www.bjupresshomeschool.com/category/math,spiral,conceptual,nonsecular,color,scripted,math
Bob Jones 2,https://www.bjupresshomeschool.com/category/math,spiral,conceptual,nonsecular,color,scripted,math
Bob Jones 3,https://www.bjupresshomeschool.com/category/math,spiral,conceptual,nonsecular,color,scripted,math
Bob Jones 4,https://www.bjupresshomeschool.com/category/math,spiral,conceptual,nonsecular,color,scripted,math
Bob Jones 5,https://www.bjupresshomeschool.com/category/math,spiral,conceptual,nonsecular,color,scripted,math
Bob Jones 6,https://www.bjupresshomeschool.com/category/math,spiral,conceptual,nonsecular,color,scripted,math
Bob Jones 7,https://www.bjupresshomeschool.com/category/math,spiral,conceptual,nonsecular,color,scripted,math
Bob Jones 8,https://www.bjupresshomeschool.com/category/math,spiral,conceptual,nonsecular,color,scripted,math
Bob Jones 9,https://www.bjupresshomeschool.com/category/math,spiral,conceptual,nonsecular,color,scripted,math
Bob Jones 10,https://www.bjupresshomeschool.com/category/math,spiral,conceptual,nonsecular,color,scripted,math
Bob Jones 11,https://www.bjupresshomeschool.com/category/math,spiral,conceptual,nonsecular,color,scripted,math
Bob Jones 12,https://www.bjupresshomeschool.com/category/math,spiral,conceptual,nonsecular,color,scripted,math
AOP Horizons Math K,https://www.aop.com/curriculum/horizons,spiral,conceptual,nonsecular,color,scripted,math
AOP Horizons Math 1,https://www.aop.com/curriculum/horizons,spiral,conceptual,nonsecular,color,scripted,math
AOP Horizons Math 2,https://www.aop.com/curriculum/horizons,spiral,conceptual,nonsecular,color,scripted,math
AOP Horizons Math 3,https://www.aop.com/curriculum/horizons,spiral,conceptual,nonsecular,color,scripted,math
AOP Horizons Math 4,https://www.aop.com/curriculum/horizons,spiral,conceptual,nonsecular,color,scripted,math
AOP Horizons Math 5,https://www.aop.com/curriculum/horizons,spiral,conceptual,nonsecular,color,scripted,math
AOP Horizons Math 6,https://www.aop.com/curriculum/horizons,spiral,conceptual,nonsecular,color,scripted,math
AOP Horizons Math 7,https://www.aop.com/curriculum/horizons,spiral,conceptual,nonsecular,color,scripted,math
AOP Horizons Math 8,https://www.aop.com/curriculum/horizons,spiral,conceptual,nonsecular,color,scripted,math
AOP LIFEPAC Math K,https://www.aop.com/curriculum/shop-lifepac,mastery,procedural,nonsecular,color,nonscripted,math
AOP LIFEPAC Math 1,https://www.aop.com/curriculum/shop-lifepac,mastery,procedural,nonsecular,color,nonscripted,math
AOP LIFEPAC Math 2,https://www.aop.com/curriculum/shop-lifepac,mastery,procedural,nonsecular,color,nonscripted,math
AOP LIFEPAC Math 3,https://www.aop.com/curriculum/shop-lifepac,mastery,procedural,nonsecular,color,nonscripted,math
AOP LIFEPAC Math 4,https://www.aop.com/curriculum/shop-lifepac,mastery,procedural,nonsecular,color,nonscripted,math
AOP LIFEPAC Math 5,https://www.aop.com/curriculum/shop-lifepac,mastery,procedural,nonsecular,color,nonscripted,math
AOP LIFEPAC Math 6,https://www.aop.com/curriculum/shop-lifepac,mastery,procedural,nonsecular,color,nonscripted,math
AOP LIFEPAC Math 7 ,https://www.aop.com/curriculum/shop-lifepac,mastery,procedural,nonsecular,color,nonscripted,math
AOP LIFEPAC Math 8,https://www.aop.com/curriculum/shop-lifepac,mastery,procedural,nonsecular,color,nonscripted,math
AOP LIFEPAC Math 9,https://www.aop.com/curriculum/shop-lifepac,mastery,procedural,nonsecular,color,nonscripted,math
AOP LIFEPAC Math 10,https://www.aop.com/curriculum/shop-lifepac,mastery,procedural,nonsecular,color,nonscripted,math
AOP LIFEPAC Math 11,https://www.aop.com/curriculum/shop-lifepac,mastery,procedural,nonsecular,color,nonscripted,math
AOP LIFEPAC Math 12,https://www.aop.com/curriculum/shop-lifepac,mastery,procedural,nonsecular,color,nonscripted,math
AOP Monarch / Switched-On Schoolhouse 3,https://www.aop.com/curriculum/switched-on-schoolhouse,mastery,procedural,nonsecular,color,nonscripted,math
AOP Monarch / Switched-On Schoolhouse 4,https://www.aop.com/curriculum/switched-on-schoolhouse,mastery,procedural,nonsecular,color,nonscripted,math
AOP Monarch / Switched-On Schoolhouse 5,https://www.aop.com/curriculum/switched-on-schoolhouse,mastery,procedural,nonsecular,color,nonscripted,math
AOP Monarch / Switched-On Schoolhouse 6,https://www.aop.com/curriculum/switched-on-schoolhouse,mastery,procedural,nonsecular,color,nonscripted,math
AOP Monarch / Switched-On Schoolhouse 7,https://www.aop.com/curriculum/switched-on-schoolhouse,mastery,procedural,nonsecular,color,nonscripted,math
AOP Monarch / Switched-On Schoolhouse 8,https://www.aop.com/curriculum/switched-on-schoolhouse,mastery,procedural,nonsecular,color,nonscripted,math
AOP Monarch / Switched-On Schoolhouse 9,https://www.aop.com/curriculum/switched-on-schoolhouse,mastery,procedural,nonsecular,color,nonscripted,math
AOP Monarch / Switched-On Schoolhouse 10,https://www.aop.com/curriculum/switched-on-schoolhouse,mastery,procedural,nonsecular,color,nonscripted,math
AOP Monarch / Switched-On Schoolhouse 11,https://www.aop.com/curriculum/switched-on-schoolhouse,mastery,procedural,nonsecular,color,nonscripted,math
AOP Monarch / Switched-On Schoolhouse 12,https://www.aop.com/curriculum/switched-on-schoolhouse,mastery,procedural,nonsecular,color,nonscripted,math
Math U See Primer,https://www.mathusee.com/,mastery,conceptual,secular,black/white,nonscripted,math
Math U See Alpha,https://www.mathusee.com/,mastery,conceptual,secular,black/white,nonscripted,math
Math U See Beta,https://www.mathusee.com/,mastery,conceptual,secular,black/white,nonscripted,math
Math U See Gamma,https://www.mathusee.com/,mastery,conceptual,secular,black/white,nonscripted,math
Math U See Delta,https://www.mathusee.com/,mastery,conceptual,secular,black/white,nonscripted,math
Math U See Epsilon,https://www.mathusee.com/,mastery,conceptual,secular,black/white,nonscripted,math
Math U See Zeta,https://www.mathusee.com/,mastery,conceptual,secular,black/white,nonscripted,math
Math U See Pre-Algebra,https://www.mathusee.com/,mastery,conceptual,secular,black/white,nonscripted,math
Math U See Algebra 1,https://www.mathusee.com/,mastery,conceptual,secular,black/white,nonscripted,math
Math U See Geometry,https://www.mathusee.com/,mastery,conceptual,secular,black/white,nonscripted,math
Math U See Algebra 2,https://www.mathusee.com/,mastery,conceptual,secular,black/white,nonscripted,math
Math U See Pre-Calculus,https://www.mathusee.com/,mastery,conceptual,secular,black/white,nonscripted,math
Math U See Calculus,https://www.mathusee.com/,mastery,conceptual,secular,black/white,nonscripted,math
Primary Math 1A/1B,https://www.singaporemath.com/programs/primary-mathematics/,mastery,conceptual,secular,color,nonscripted,math
Primary Math 2A/2B,https://www.singaporemath.com/programs/primary-mathematics/,mastery,conceptual,secular,color,nonscripted,math
Primary Math 3A/3B,https://www.singaporemath.com/programs/primary-mathematics/,mastery,conceptual,secular,color,nonscripted,math
Primary Math 4A/4B,https://www.singaporemath.com/programs/primary-mathematics/,mastery,conceptual,secular,color,nonscripted,math
Primary Math 5A/5B,https://www.singaporemath.com/programs/primary-mathematics/,mastery,conceptual,secular,color,nonscripted,math
Primary Math 6A/6B,https://www.singaporemath.com/programs/primary-mathematics/,mastery,conceptual,secular,color,nonscripted,math
Primary Math SE 1A/1B,https://www.singaporemath.com/programs/primary-mathematics/,mastery,conceptual,secular,color,nonscripted,math
Primary Math SE 2A/2B,https://www.singaporemath.com/programs/primary-mathematics/,mastery,conceptual,secular,color,nonscripted,math
Primary Math SE 3A/3B,https://www.singaporemath.com/programs/primary-mathematics/,mastery,conceptual,secular,color,nonscripted,math
Primary Math SE 4A/4B,https://www.singaporemath.com/programs/primary-mathematics/,mastery,conceptual,secular,color,nonscripted,math
Primary Math SE 5A/5B,https://www.singaporemath.com/programs/primary-mathematics/,mastery,conceptual,secular,color,nonscripted,math
Primary Math SE 6A/6B,https://www.singaporemath.com/programs/primary-mathematics/,mastery,conceptual,secular,color,nonscripted,math
Primary Math CC 1A/1B,https://www.singaporemath.com/programs/primary-mathematics/,mastery,conceptual,secular,color,nonscripted,math
Primary Math CC 2A/2B,https://www.singaporemath.com/programs/primary-mathematics/,mastery,conceptual,secular,color,nonscripted,math
Primary Math CC 3A/3B,https://www.singaporemath.com/programs/primary-mathematics/,mastery,conceptual,secular,color,nonscripted,math
Primary Math CC 4A/4B,https://www.singaporemath.com/programs/primary-mathematics/,mastery,conceptual,secular,color,nonscripted,math
Primary Math CC 5A/5B,https://www.singaporemath.com/programs/primary-mathematics/,mastery,conceptual,secular,color,nonscripted,math
Math in Focus K,https://www.hmhco.com/programs/math-in-focus,mastery,conceptual,secular,color,scripted,math
Math in Focus 1,https://www.hmhco.com/programs/math-in-focus,mastery,conceptual,secular,color,scripted,math
Math in Focus 2,https://www.hmhco.com/programs/math-in-focus,mastery,conceptual,secular,color,scripted,math
Math in Focus 3,https://www.hmhco.com/programs/math-in-focus,mastery,conceptual,secular,color,scripted,math
Math in Focus 4,https://www.hmhco.com/programs/math-in-focus,mastery,conceptual,secular,color,scripted,math
Math in Focus 5,https://www.hmhco.com/programs/math-in-focus,mastery,conceptual,secular,color,scripted,math
Math in Focus 6,https://www.hmhco.com/programs/math-in-focus,mastery,conceptual,secular,color,scripted,math
Math in Focus 7,https://www.hmhco.com/programs/math-in-focus,mastery,conceptual,secular,color,scripted,math
Math in Focus 8,https://www.hmhco.com/programs/math-in-focus,mastery,conceptual,secular,color,scripted,math
Christian Light Math 1,https://christianlight.org/shop-curriculum/by-subject/math,spiral,procedural,nonsecular,black/white,scripted,math
Christian Light Math 2,https://christianlight.org/shop-curriculum/by-subject/math,spiral,procedural,nonsecular,black/white,scripted,math
Christian Light Math 3,https://christianlight.org/shop-curriculum/by-subject/math,spiral,procedural,nonsecular,black/white,scripted,math
Christian Light Math 4,https://christianlight.org/shop-curriculum/by-subject/math,spiral,procedural,nonsecular,black/white,scripted,math
Christian Light Math 5,https://christianlight.org/shop-curriculum/by-subject/math,spiral,procedural,nonsecular,black/white,scripted,math
Christian Light Math 6,https://christianlight.org/shop-curriculum/by-subject/math,spiral,procedural,nonsecular,black/white,scripted,math
Christian Light Math 7,https://christianlight.org/shop-curriculum/by-subject/math,spiral,procedural,nonsecular,black/white,scripted,math
Christian Light Math 8,https://christianlight.org/shop-curriculum/by-subject/math,spiral,procedural,nonsecular,black/white,scripted,math
Christian Light Math 9,https://christianlight.org/shop-curriculum/by-subject/math,spiral,procedural,nonsecular,black/white,scripted,math
Christian Light Math 10,https://christianlight.org/shop-curriculum/by-subject/math,spiral,procedural,nonsecular,black/white,scripted,math
Christian Light Math 11,https://christianlight.org/shop-curriculum/by-subject/math,spiral,procedural,nonsecular,black/white,scripted,math
Christian Light Math 12,https://christianlight.org/shop-curriculum/by-subject/math,spiral,procedural,nonsecular,black/white,scripted,math
Life of Fred: Apples,https://www.lifeoffred.uniquemath.com/,mastery,conceptual,nonsecular,black/white,nonscripted,math
Life of Fred: Butterflies,https://www.lifeoffred.uniquemath.com/,mastery,conceptual,nonsecular,black/white,nonscripted,math
Life of Fred: Cats,https://www.lifeoffred.uniquemath.com/,mastery,conceptual,nonsecular,black/white,nonscripted,math
Life of Fred: Dogs,https://www.lifeoffred.uniquemath.com/,mastery,conceptual,nonsecular,black/white,nonscripted,math
Life of Fred: Edgewood,https://www.lifeoffred.uniquemath.com/,mastery,conceptual,nonsecular,black/white,nonscripted,math
Life of Fred: Farming,https://www.lifeoffred.uniquemath.com/,mastery,conceptual,nonsecular,black/white,nonscripted,math
Life of Fred: Goldfish,https://www.lifeoffred.uniquemath.com/,mastery,conceptual,nonsecular,black/white,nonscripted,math
Life of Fred: Honey,https://www.lifeoffred.uniquemath.com/,mastery,conceptual,nonsecular,black/white,nonscripted,math
Life of Fred: Ice Cream,https://www.lifeoffred.uniquemath.com/,mastery,conceptual,nonsecular,black/white,nonscripted,math
Life of Fred: Jelly Beans,https://www.lifeoffred.uniquemath.com/,mastery,conceptual,nonsecular,black/white,nonscripted,math
Life of Fred: Kidneys,https://www.lifeoffred.uniquemath.com/,mastery,conceptual,nonsecular,black/white,nonscripted,math
Life of Fred: Liver,https://www.lifeoffred.uniquemath.com/,mastery,conceptual,nonsecular,black/white,nonscripted,math
Life of Fred: Mineshaft,https://www.lifeoffred.uniquemath.com/,mastery,conceptual,nonsecular,black/white,nonscripted,math
Life of Fred: Fractions,https://www.lifeoffred.uniquemath.com/,mastery,conceptual,nonsecular,black/white,nonscripted,math
Life of Fred: Decimals and Percents,https://www.lifeoffred.uniquemath.com/,mastery,conceptual,nonsecular,black/white,nonscripted,math
Life of Fred: Pre-Algebra 0 with Physics,https://www.lifeoffred.uniquemath.com/,mastery,conceptual,nonsecular,black/white,nonscripted,math
Life of Fred: Pre-Algebra 1 with Biology,https://www.lifeoffred.uniquemath.com/,mastery,conceptual,nonsecular,black/white,nonscripted,math
Life of Fred: Pre-Algebra 2 with Economics,https://www.lifeoffred.uniquemath.com/,mastery,conceptual,nonsecular,black/white,nonscripted,math
Life of Fred: Beginning Algebra,https://www.lifeoffred.uniquemath.com/,mastery,conceptual,nonsecular,black/white,nonscripted,math
Life of Fred: Advanced Algebra,https://www.lifeoffred.uniquemath.com/,mastery,conceptual,nonsecular,black/white,nonscripted,math
Life of Fred: Geometry,https://www.lifeoffred.uniquemath.com/,mastery,conceptual,nonsecular,black/white,nonscripted,math
Life of Fred: Trigonometry,https://www.lifeoffred.uniquemath.com/,mastery,conceptual,nonsecular,black/white,nonscripted,math
A+ Tutorsoft Math 1,https://www.aplustutorsoft.com/,mastery,procedural,secular,black/white,nonscripted,math
A+ Tutorsoft Math 2,https://www.aplustutorsoft.com/,mastery,procedural,secular,black/white,nonscripted,math
A+ Tutorsoft Math 3,https://www.aplustutorsoft.com/,mastery,procedural,secular,black/white,nonscripted,math
A+ Tutorsoft Math 4,https://www.aplustutorsoft.com/,mastery,procedural,secular,black/white,nonscripted,math
A+ Tutorsoft Math 5,https://www.aplustutorsoft.com/,mastery,procedural,secular,black/white,nonscripted,math
A+ Tutorsoft Math 6,https://www.aplustutorsoft.com/,mastery,procedural,secular,black/white,nonscripted,math
A+ Tutorsoft Math 7,https://www.aplustutorsoft.com/,mastery,procedural,secular,black/white,nonscripted,math
A+ Tutorsoft Math 8,https://www.aplustutorsoft.com/,mastery,procedural,secular,black/white,nonscripted,math
A+ Tutorsoft Math 9,https://www.aplustutorsoft.com/,mastery,procedural,secular,black/white,nonscripted,math
Purposeful Design Math K,https://your.acsi.org/PDP-Store/Textbook-Support/Math-Textbook-Support,mastery,procedural,nonsecular,color,nonscripted,math
Purposeful Design Math 1,https://your.acsi.org/PDP-Store/Textbook-Support/Math-Textbook-Support,mastery,procedural,nonsecular,color,nonscripted,math
Purposeful Design Math 2,https://your.acsi.org/PDP-Store/Textbook-Support/Math-Textbook-Support,mastery,procedural,nonsecular,color,nonscripted,math
Purposeful Design Math 3,https://your.acsi.org/PDP-Store/Textbook-Support/Math-Textbook-Support,mastery,procedural,nonsecular,color,nonscripted,math
Purposeful Design Math 4,https://your.acsi.org/PDP-Store/Textbook-Support/Math-Textbook-Support,mastery,procedural,nonsecular,color,nonscripted,math
Purposeful Design Math 5,https://your.acsi.org/PDP-Store/Textbook-Support/Math-Textbook-Support,mastery,procedural,nonsecular,color,nonscripted,math
Purposeful Design Math 6,https://your.acsi.org/PDP-Store/Textbook-Support/Math-Textbook-Support,mastery,procedural,nonsecular,color,nonscripted,math
RightStart Mathematics A,https://rightstartmath.com/our-curriculum/the-rightstart-difference/rightstart-for-home-school/,spiral,procedural,secular,black/white,scripted,math
RightStart Mathematics B,https://rightstartmath.com/our-curriculum/the-rightstart-difference/rightstart-for-home-school/,spiral,procedural,secular,black/white,scripted,math
RightStart Mathematics C,https://rightstartmath.com/our-curriculum/the-rightstart-difference/rightstart-for-home-school/,spiral,procedural,secular,black/white,scripted,math
RightStart Mathematics D,https://rightstartmath.com/our-curriculum/the-rightstart-difference/rightstart-for-home-school/,spiral,procedural,secular,black/white,scripted,math
RightStart Mathematics E,https://rightstartmath.com/our-curriculum/the-rightstart-difference/rightstart-for-home-school/,spiral,procedural,secular,black/white,scripted,math
RightStart Mathematics F,https://rightstartmath.com/our-curriculum/the-rightstart-difference/rightstart-for-home-school/,spiral,procedural,secular,black/white,scripted,math
RightStart Mathematics G,https://rightstartmath.com/our-curriculum/the-rightstart-difference/rightstart-for-home-school/,spiral,procedural,secular,black/white,scripted,math
RightStart Mathematics H,https://rightstartmath.com/our-curriculum/the-rightstart-difference/rightstart-for-home-school/,spiral,procedural,secular,black/white,scripted,math
Miquon Math Lab Orange,https://miquonmath.com/,spiral,conceptual,secular,color,nonscripted,math
Miquon Math Lab Red,https://miquonmath.com/,spiral,conceptual,secular,color,nonscripted,math
Miquon Math Lab Blue,https://miquonmath.com/,spiral,conceptual,secular,color,nonscripted,math
Miquon Math Lab Green ,https://miquonmath.com/,spiral,conceptual,secular,color,nonscripted,math
Miquon Math Lab Yellow,https://miquonmath.com/,spiral,conceptual,secular,color,nonscripted,math
Miquon Math Lab Purple,https://miquonmath.com/,spiral,conceptual,secular,color,nonscripted,math
Math Mammoth 1,https://www.mathmammoth.com/,mastery,conceptual,secular,color,nonscripted,math
Math Mammoth 2,https://www.mathmammoth.com/,mastery,conceptual,secular,color,nonscripted,math
Math Mammoth 3,https://www.mathmammoth.com/,mastery,conceptual,secular,color,nonscripted,math
Math Mammoth 4,https://www.mathmammoth.com/,mastery,conceptual,secular,color,nonscripted,math
Math Mammoth 5,https://www.mathmammoth.com/,mastery,conceptual,secular,color,nonscripted,math
Math Mammoth 6,https://www.mathmammoth.com/,mastery,conceptual,secular,color,nonscripted,math
Math Mammoth 7,https://www.mathmammoth.com/,mastery,conceptual,secular,color,nonscripted,math
Rod & Staff Mathematics 1,https://www.milestonebooks.com/list/Mathematics_for_Christian_Living_Series/,mastery,procedural,nonsecular,black/white,nonscripted,math
Rod & Staff Mathematics 2,https://www.milestonebooks.com/list/Mathematics_for_Christian_Living_Series/,mastery,procedural,nonsecular,black/white,nonscripted,math
Rod & Staff Mathematics 3,https://www.milestonebooks.com/list/Mathematics_for_Christian_Living_Series/,mastery,procedural,nonsecular,black/white,nonscripted,math
Rod & Staff Mathematics 4,https://www.milestonebooks.com/list/Mathematics_for_Christian_Living_Series/,mastery,procedural,nonsecular,black/white,nonscripted,math
Rod & Staff Mathematics 5,https://www.milestonebooks.com/list/Mathematics_for_Christian_Living_Series/,mastery,procedural,nonsecular,black/white,nonscripted,math
Rod & Staff Mathematics 6,https://www.milestonebooks.com/list/Mathematics_for_Christian_Living_Series/,mastery,procedural,nonsecular,black/white,nonscripted,math
Rod & Staff Mathematics 7,https://www.milestonebooks.com/list/Mathematics_for_Christian_Living_Series/,mastery,procedural,nonsecular,black/white,nonscripted,math
Rod & Staff Mathematics 8 ,https://www.milestonebooks.com/list/Mathematics_for_Christian_Living_Series/,mastery,procedural,nonsecular,black/white,nonscripted,math
Themeville 1,https://www.themevillemath.com/,spiral,conceptual,secular,black/white,nonscripted,math
Themeville 2,https://www.themevillemath.com/,spiral,conceptual,secular,black/white,nonscripted,math
Themeville 3,https://www.themevillemath.com/,spiral,conceptual,secular,black/white,nonscripted,math
Themeville 4,https://www.themevillemath.com/,spiral,conceptual,secular,black/white,nonscripted,math
Themeville 5,https://www.themevillemath.com/,spiral,conceptual,secular,black/white,nonscripted,math
Beast Academy 2,https://beastacademy.com/,mastery,conceptual,secular,color,nonscripted,math
Beast Academy 3,https://beastacademy.com/,mastery,conceptual,secular,color,nonscripted,math
Beast Academy 4,https://beastacademy.com/,mastery,conceptual,secular,color,nonscripted,math
Beast Academy 5,https://beastacademy.com/,mastery,conceptual,secular,color,nonscripted,math
AoPS PreAlgebra,https://artofproblemsolving.com/store,mastery,conceptual,secular,black/white,nonscripted,math
AoPS Introduction to Algebra,https://artofproblemsolving.com/store,mastery,conceptual,secular,black/white,nonscripted,math
AoPS Introduction to Counting and Probability,https://artofproblemsolving.com/store,mastery,conceptual,secular,black/white,nonscripted,math
AoPS Introduction to Geometry,https://artofproblemsolving.com/store,mastery,conceptual,secular,black/white,nonscripted,math
AoPS Introduction to Number Theory,https://artofproblemsolving.com/store,mastery,conceptual,secular,black/white,nonscripted,math
AoPS Intermediate Algebra,https://artofproblemsolving.com/store,mastery,conceptual,secular,black/white,nonscripted,math
AoPS Intermediate Counting & Probability,https://artofproblemsolving.com/store,mastery,conceptual,secular,black/white,nonscripted,math
AoPS Precalculus,https://artofproblemsolving.com/store,mastery,conceptual,secular,black/white,nonscripted,math
AoPS Calculus,https://artofproblemsolving.com/store,mastery,conceptual,secular,black/white,nonscripted,math
Math Lessons for a Living Education K,https://www.masterbooks.com/math-lessons-for-a-living-education-series/,mastery,conceptual,nonsecular,color,nonscripted,math
Math Lessons for a Living Education 1,https://www.masterbooks.com/math-lessons-for-a-living-education-series/,mastery,conceptual,nonsecular,color,nonscripted,math
Math Lessons for a Living Education 2 ,https://www.masterbooks.com/math-lessons-for-a-living-education-series/,mastery,conceptual,nonsecular,color,nonscripted,math
Math Lessons for a Living Education 3 ,https://www.masterbooks.com/math-lessons-for-a-living-education-series/,mastery,conceptual,nonsecular,color,nonscripted,math
Math Lessons for a Living Education 4,https://www.masterbooks.com/math-lessons-for-a-living-education-series/,mastery,conceptual,nonsecular,color,nonscripted,math
Math Lessons for a Living Education 5,https://www.masterbooks.com/math-lessons-for-a-living-education-series/,mastery,conceptual,nonsecular,color,nonscripted,math
Math Lessons for a Living Education 6,https://www.masterbooks.com/math-lessons-for-a-living-education-series/,mastery,conceptual,nonsecular,color,nonscripted,math
Mathematical Reasoning Beginning 1/2,https://www.criticalthinking.com/mathematical-reasoning.html,spiral,procedural,secular,color,nonscripted,math
Mathematical Reasoning A,https://www.criticalthinking.com/mathematical-reasoning.html,spiral,procedural,secular,color,nonscripted,math
Mathematical Reasoning B,https://www.criticalthinking.com/mathematical-reasoning.html,spiral,procedural,secular,color,nonscripted,math
Mathematical Reasoning C,https://www.criticalthinking.com/mathematical-reasoning.html,spiral,procedural,secular,color,nonscripted,math
Mathematical Reasoning D,https://www.criticalthinking.com/mathematical-reasoning.html,spiral,procedural,secular,color,nonscripted,math
Mathematical Reasoning E,https://www.criticalthinking.com/mathematical-reasoning.html,spiral,procedural,secular,color,nonscripted,math
Mathematical Reasoning F,https://www.criticalthinking.com/mathematical-reasoning.html,spiral,procedural,secular,color,nonscripted,math
Mathematical Reasoning G,https://www.criticalthinking.com/mathematical-reasoning.html,spiral,procedural,secular,color,nonscripted,math
Understanding Pre-Algebra,https://www.criticalthinking.com/mathematical-reasoning.html,spiral,procedural,secular,color,nonscripted,math
Understanding Geometry,https://www.criticalthinking.com/mathematical-reasoning.html,spiral,procedural,secular,color,nonscripted,math
Understanding Algebra I,https://www.criticalthinking.com/mathematical-reasoning.html,spiral,procedural,secular,color,nonscripted,math